<?xml version="1.0" encoding="UTF-8" ?>
<site>
    <description url="http://svnkit.com/">
       TMate Sofware Eclipse Plugins Update Site
    </description>
 
	<feature id="org.tmatesoft.svnkit"
	         patch="false"
	         url="features/org.tmatesoft.svnkit_%svnkit.version%.jar"
	         version="%svnkit.version%">
       <category name="SVNKit Library"/>
	</feature>

	<category-def name="SVNKit Library" label="SVNKit Library">
		<description>
			SVNKit Library Plugin
		</description>
	</category-def>
</site>